{
  "kind": "collectionType",
  "collectionName": "tasks",
  "info": {
    "singularName": "task",
    "pluralName": "tasks",
    "displayName": "Task",
    "description": ""
  },
  "options": {
    "draftAndPublish": true
  },
  "pluginOptions": {},
  "attributes": {
    "date": {
      "type": "date",
      "required": true
    },
    "task": {
      "type": "text",
      "required": true,
      "minLength": 20
    },
    "status": {
      "type": "enumeration",
      "enum": [
        "DONE",
        "INPROGRESS",
        "ONHOLD"
      ],
      "required": true
    },
    "remarks": {
      "type": "text",
      "required": false
    },
    "developer": {
      "type": "string",
      "required": true
    }
  }
}
